{"cameraMode":{"drawMode":0,"name":"Shaded","section":"Shading Mode"},"sceneLighting":false,"audioPlay":false,"sceneViewState":{"m_AlwaysRefresh":false,"showFog":true,"showSkybox":false,"showFlares":true,"showImageEffects":true,"showParticleSystems":true,"showVisualEffectGraphs":true,"m_FxEnabled":true},"in2DMode":false,"pivot":{"x":-0.19513225555419923,"y":-0.20526504516601563,"z":-0.07099485397338867},"rotation":{"x":0.008641242049634457,"y":0.125957652926445,"z":-0.0010902199428528548,"w":0.992016613483429},"size":4.799238681793213,"orthographic":false}