{"cameraMode":{"drawMode":0,"name":"Shaded","section":"Shading Mode"},"sceneLighting":false,"audioPlay":false,"sceneViewState":{"m_AlwaysRefresh":false,"showFog":true,"showSkybox":false,"showFlares":true,"showImageEffects":true,"showParticleSystems":true,"showVisualEffectGraphs":true,"m_FxEnabled":true},"in2DMode":false,"pivot":{"x":-0.9272354245185852,"y":0.4912926256656647,"z":0.487434059381485},"rotation":{"x":0.022575007751584054,"y":0.3057367205619812,"z":-0.007241156883537769,"w":0.9518426060676575},"size":1.2524410486221314,"orthographic":false}