{"cameraMode":{"drawMode":0,"name":"Shaded","section":"Shading Mode"},"sceneLighting":false,"audioPlay":false,"sceneViewState":{"m_AlwaysRefresh":false,"showFog":true,"showSkybox":false,"showFlares":true,"showImageEffects":true,"showParticleSystems":true,"showVisualEffectGraphs":true,"m_FxEnabled":true},"in2DMode":false,"pivot":{"x":-0.8799132704734802,"y":1.5246248245239258,"z":0.19144587218761445},"rotation":{"x":-0.12940482795238496,"y":0.12340998649597168,"z":0.01624574325978756,"w":0.9837700724601746},"size":2.3080480098724367,"orthographic":false}