{"cameraMode":{"drawMode":0,"name":"Shaded","section":"Shading Mode"},"sceneLighting":true,"audioPlay":false,"sceneViewState":{"m_AlwaysRefresh":false,"showFog":true,"showSkybox":true,"showFlares":true,"showImageEffects":true,"showParticleSystems":true,"showVisualEffectGraphs":true,"m_FxEnabled":true},"in2DMode":false,"pivot":{"x":-0.10558318346738816,"y":3.5640995502471926,"z":4.366443634033203},"rotation":{"x":0.2257261872291565,"y":-0.014322752133011818,"z":0.003328407648950815,"w":0.9740967154502869},"size":0.983259916305542,"orthographic":false}