{"cameraMode":{"drawMode":0,"name":"Shaded","section":"Shading Mode"},"sceneLighting":true,"audioPlay":false,"sceneViewState":{"m_AlwaysRefresh":false,"showFog":true,"showSkybox":true,"showFlares":true,"showImageEffects":true,"showParticleSystems":true,"showVisualEffectGraphs":true,"m_FxEnabled":true},"in2DMode":false,"pivot":{"x":-2.301081657409668,"y":1.6555019617080689,"z":2.6890199184417726},"rotation":{"x":0.022645898163318635,"y":-0.6937358379364014,"z":-0.021875720471143724,"w":-0.7195989489555359},"size":2.310894250869751,"orthographic":false}