{"cameraMode":{"drawMode":0,"name":"Shaded","section":"Shading Mode"},"sceneLighting":false,"audioPlay":false,"sceneViewState":{"m_AlwaysRefresh":false,"showFog":true,"showSkybox":false,"showFlares":true,"showImageEffects":true,"showParticleSystems":true,"showVisualEffectGraphs":true,"m_FxEnabled":true},"in2DMode":false,"pivot":{"x":0.6264551877975464,"y":1.8082740306854249,"z":7.554623126983643},"rotation":{"x":-0.060377560555934909,"y":-0.5954691171646118,"z":0.044900067150592807,"w":-0.7999102473258972},"size":4.766892433166504,"orthographic":false}