{"cameraMode":{"drawMode":0,"name":"Shaded","section":"Shading Mode"},"sceneLighting":false,"audioPlay":false,"sceneViewState":{"m_AlwaysRefresh":false,"showFog":true,"showSkybox":false,"showFlares":true,"showImageEffects":true,"showParticleSystems":true,"showVisualEffectGraphs":true,"m_FxEnabled":true},"in2DMode":false,"pivot":{"x":0.04085790365934372,"y":6.206145763397217,"z":-2.50986385345459},"rotation":{"x":0.5449541807174683,"y":0.003815768752247095,"z":-0.0024031023494899275,"w":0.8385075926780701},"size":2.455465078353882,"orthographic":false}