{"cameraMode":{"drawMode":0,"name":"Shaded","section":"Shading Mode"},"sceneLighting":false,"audioPlay":false,"sceneViewState":{"m_AlwaysRefresh":false,"showFog":true,"showSkybox":false,"showFlares":true,"showImageEffects":true,"showParticleSystems":true,"showVisualEffectGraphs":true,"m_FxEnabled":true},"in2DMode":false,"pivot":{"x":-0.32597601413726809,"y":-1.29417085647583,"z":-0.2296966314315796},"rotation":{"x":-0.05709022283554077,"y":-0.4297914206981659,"z":-0.027225321158766748,"w":0.9007361531257629},"size":0.8660253882408142,"orthographic":false}