{"cameraMode":{"drawMode":0,"name":"Shaded","section":"Shading Mode"},"sceneLighting":true,"audioPlay":false,"sceneViewState":{"m_AlwaysRefresh":false,"showFog":true,"showSkybox":true,"showFlares":true,"showImageEffects":true,"showParticleSystems":true,"showVisualEffectGraphs":true,"m_FxEnabled":true},"in2DMode":false,"pivot":{"x":-0.6306872367858887,"y":2.304533004760742,"z":5.328159332275391},"rotation":{"x":0.3726857900619507,"y":-0.0013910201378166676,"z":0.0005622284952551127,"w":0.9279647469520569},"size":12.12435531616211,"orthographic":false}