{"cameraMode":{"drawMode":0,"name":"Shaded","section":"Shading Mode"},"sceneLighting":true,"audioPlay":false,"sceneViewState":{"m_AlwaysRefresh":false,"showFog":true,"showSkybox":true,"showFlares":true,"showImageEffects":true,"showParticleSystems":true,"showVisualEffectGraphs":true,"m_FxEnabled":true},"in2DMode":false,"pivot":{"x":0.630699098110199,"y":-3.796515464782715,"z":3.9319238662719728},"rotation":{"x":0.4384683072566986,"y":-0.005391721148043871,"z":0.002633356023579836,"w":0.8987342119216919},"size":10.331161499023438,"orthographic":false}