{"cameraMode":{"drawMode":0,"name":"Shaded","section":"Shading Mode"},"sceneLighting":true,"audioPlay":false,"sceneViewState":{"m_AlwaysRefresh":false,"showFog":true,"showSkybox":true,"showFlares":true,"showImageEffects":true,"showParticleSystems":true,"showVisualEffectGraphs":true,"m_FxEnabled":true},"in2DMode":false,"pivot":{"x":11.993942260742188,"y":-5.034866809844971,"z":19.086698532104493},"rotation":{"x":0.23330046236515046,"y":0.47884994745254519,"z":-0.13364528119564057,"w":0.8357447981834412},"size":12.12435531616211,"orthographic":false}