{"cameraMode":{"drawMode":0,"name":"Shaded","section":"Shading Mode"},"sceneLighting":true,"audioPlay":false,"sceneViewState":{"m_AlwaysRefresh":false,"showFog":true,"showSkybox":true,"showFlares":true,"showImageEffects":true,"showParticleSystems":true,"showVisualEffectGraphs":true,"m_FxEnabled":true},"in2DMode":false,"pivot":{"x":-4.35983943939209,"y":2.2321901321411135,"z":0.610053539276123},"rotation":{"x":-0.014654385857284069,"y":-0.6458161473274231,"z":0.012420074082911015,"w":-0.7633251547813416},"size":0.8660253882408142,"orthographic":false}