{"cameraMode":{"drawMode":0,"name":"Shaded","section":"Shading Mode"},"sceneLighting":true,"audioPlay":false,"sceneViewState":{"m_AlwaysRefresh":false,"showFog":true,"showSkybox":true,"showFlares":true,"showImageEffects":true,"showParticleSystems":true,"showVisualEffectGraphs":true,"m_FxEnabled":true},"in2DMode":false,"pivot":{"x":11.797235488891602,"y":-3.8984198570251467,"z":20.38435935974121},"rotation":{"x":0.19446949660778047,"y":0.5283607840538025,"z":-0.12578751146793366,"w":0.816908597946167},"size":11.394989967346192,"orthographic":false}