{"cameraMode":{"drawMode":0,"name":"Shaded","section":"Shading Mode"},"sceneLighting":true,"audioPlay":false,"sceneViewState":{"m_AlwaysRefresh":false,"showFog":true,"showSkybox":true,"showFlares":true,"showImageEffects":true,"showParticleSystems":true,"showVisualEffectGraphs":true,"m_FxEnabled":true},"in2DMode":false,"pivot":{"x":-1.1568019390106202,"y":1.1003676652908326,"z":0.6237529516220093},"rotation":{"x":-0.04387269541621208,"y":-0.9544192552566528,"z":0.17743393778800965,"w":-0.23598557710647584},"size":1.1472147703170777,"orthographic":false}