{"cameraMode":{"drawMode":0,"name":"Shaded","section":"Shading Mode"},"sceneLighting":true,"audioPlay":false,"sceneViewState":{"m_AlwaysRefresh":false,"showFog":true,"showSkybox":true,"showFlares":true,"showImageEffects":true,"showParticleSystems":true,"showVisualEffectGraphs":true,"m_FxEnabled":true},"in2DMode":false,"pivot":{"x":0.6048047542572022,"y":-2.9613535404205324,"z":-23.216978073120118},"rotation":{"x":-0.000500391935929656,"y":-0.9963778257369995,"z":0.08560862392187119,"w":-0.004886471200734377},"size":12.12435531616211,"orthographic":false}