{"cameraMode":{"drawMode":0,"name":"Shaded","section":"Shading Mode"},"sceneLighting":true,"audioPlay":false,"sceneViewState":{"m_AlwaysRefresh":false,"showFog":true,"showSkybox":true,"showFlares":true,"showImageEffects":true,"showParticleSystems":true,"showVisualEffectGraphs":true,"m_FxEnabled":true},"in2DMode":false,"pivot":{"x":-1.5779999494552613,"y":-0.00200000056065619,"z":0.7679998874664307},"rotation":{"x":-0.04026436433196068,"y":0.8655980229377747,"z":-0.07053695619106293,"w":-0.4941142499446869},"size":0.8660253882408142,"orthographic":false}