{"cameraMode":{"drawMode":0,"name":"Shaded","section":"Shading Mode"},"sceneLighting":true,"audioPlay":false,"sceneViewState":{"m_AlwaysRefresh":false,"showFog":true,"showSkybox":true,"showFlares":true,"showImageEffects":true,"showParticleSystems":true,"showVisualEffectGraphs":true,"m_FxEnabled":true},"in2DMode":false,"pivot":{"x":21.10403060913086,"y":-15.882790565490723,"z":215.41148376464845},"rotation":{"x":-0.009403079748153687,"y":0.9841986298561096,"z":-0.05539452284574509,"w":-0.16861987113952638},"size":1.5872197151184083,"orthographic":false}