{"cameraMode":{"drawMode":0,"name":"Shaded","section":"Shading Mode"},"sceneLighting":true,"audioPlay":false,"sceneViewState":{"m_AlwaysRefresh":false,"showFog":true,"showSkybox":true,"showFlares":true,"showImageEffects":true,"showParticleSystems":true,"showVisualEffectGraphs":true,"m_FxEnabled":true},"in2DMode":false,"pivot":{"x":1.3471583127975464,"y":1.1742225885391236,"z":0.006360960192978382},"rotation":{"x":-0.00044495731708593667,"y":0.9856535196304321,"z":-0.16940703988075257,"w":-0.0031460949685424568},"size":0.8660253882408142,"orthographic":false}