{"cameraMode":{"drawMode":0,"name":"Shaded","section":"Shading Mode"},"sceneLighting":true,"audioPlay":false,"sceneViewState":{"m_AlwaysRefresh":false,"showFog":true,"showSkybox":true,"showFlares":true,"showImageEffects":true,"showParticleSystems":true,"showVisualEffectGraphs":true,"m_FxEnabled":true},"in2DMode":false,"pivot":{"x":15.743715286254883,"y":0.0067281462252140049,"z":25.408849716186525},"rotation":{"x":0.10840754956007004,"y":0.33062461018562319,"z":-0.03824973106384277,"w":0.9367567896842957},"size":12.12435531616211,"orthographic":false}