{"cameraMode":{"drawMode":0,"name":"Shaded","section":"Shading Mode"},"sceneLighting":true,"audioPlay":false,"sceneViewState":{"m_AlwaysRefresh":false,"showFog":true,"showSkybox":true,"showFlares":true,"showImageEffects":true,"showParticleSystems":true,"showVisualEffectGraphs":true,"m_FxEnabled":true},"in2DMode":false,"pivot":{"x":20.463319778442384,"y":1.4988045692443848,"z":5.102776527404785},"rotation":{"x":0.050735149532556537,"y":0.8144793510437012,"z":-0.07202184945344925,"w":0.5735064744949341},"size":12.12435531616211,"orthographic":false}