{"cameraMode":{"drawMode":0,"name":"Shaded","section":"Shading Mode"},"sceneLighting":true,"audioPlay":false,"sceneViewState":{"m_AlwaysRefresh":false,"showFog":true,"showSkybox":true,"showFlares":true,"showImageEffects":true,"showParticleSystems":true,"showVisualEffectGraphs":true,"m_FxEnabled":true},"in2DMode":false,"pivot":{"x":-5.31038761138916,"y":2.0729377269744875,"z":-10.591047286987305},"rotation":{"x":-0.005231793969869614,"y":0.9947484731674194,"z":-0.07595803588628769,"w":-0.06874820590019226},"size":12.12435531616211,"orthographic":false}