{"cameraMode":{"drawMode":0,"name":"Shaded","section":"Shading Mode"},"sceneLighting":true,"audioPlay":false,"sceneViewState":{"m_AlwaysRefresh":false,"showFog":true,"showSkybox":true,"showFlares":true,"showImageEffects":true,"showParticleSystems":true,"showVisualEffectGraphs":true,"m_FxEnabled":true},"in2DMode":false,"pivot":{"x":-9.292672157287598,"y":5.021195411682129,"z":6.3349761962890629},"rotation":{"x":0.07902891933917999,"y":-0.32546481490135195,"z":0.027307923883199693,"w":0.9418751001358032},"size":12.12435531616211,"orthographic":false}