{"cameraMode":{"drawMode":0,"name":"Shaded","section":"Shading Mode"},"sceneLighting":true,"audioPlay":false,"sceneViewState":{"m_AlwaysRefresh":false,"showFog":true,"showSkybox":true,"showFlares":true,"showImageEffects":true,"showParticleSystems":true,"showVisualEffectGraphs":true,"m_FxEnabled":true},"in2DMode":false,"pivot":{"x":-2.7449159622192385,"y":1.760056495666504,"z":4.448131561279297},"rotation":{"x":0.18304698169231416,"y":-0.036567021161317828,"z":0.006816656328737736,"w":0.9824239015579224},"size":12.12435531616211,"orthographic":false}