{"cameraMode":{"drawMode":0,"name":"Shaded","section":"Shading Mode"},"sceneLighting":false,"audioPlay":false,"sceneViewState":{"m_AlwaysRefresh":false,"showFog":true,"showSkybox":false,"showFlares":true,"showImageEffects":true,"showParticleSystems":true,"showVisualEffectGraphs":true,"m_FxEnabled":true},"in2DMode":false,"pivot":{"x":-15.407633781433106,"y":0.7399123907089233,"z":7.144275665283203},"rotation":{"x":-0.06112330034375191,"y":-0.6466376185417175,"z":0.052097685635089877,"w":-0.7585731148719788},"size":1.2460352182388306,"orthographic":false}