{"cameraMode":{"drawMode":0,"name":"Shaded","section":"Shading Mode"},"sceneLighting":true,"audioPlay":false,"sceneViewState":{"m_AlwaysRefresh":false,"showFog":true,"showSkybox":true,"showFlares":true,"showImageEffects":true,"showParticleSystems":true,"showVisualEffectGraphs":true,"m_FxEnabled":true},"in2DMode":false,"pivot":{"x":7.851062297821045,"y":8.081830978393555,"z":10.07491397857666},"rotation":{"x":-0.009289683774113655,"y":0.010794839821755886,"z":0.00011854969488922507,"w":0.9999346733093262},"size":14.366583824157715,"orthographic":false}