{"cameraMode":{"drawMode":0,"name":"Shaded","section":"Shading Mode"},"sceneLighting":true,"audioPlay":false,"sceneViewState":{"m_AlwaysRefresh":false,"showFog":true,"showSkybox":true,"showFlares":true,"showImageEffects":true,"showParticleSystems":true,"showVisualEffectGraphs":true,"m_FxEnabled":true},"in2DMode":false,"pivot":{"x":31.12999725341797,"y":9.390000343322754,"z":2.809999942779541},"rotation":{"x":-0.0017902941908687354,"y":0.00029531048494391143,"z":0.00001867399987531826,"w":1.000034213066101},"size":23.840557098388673,"orthographic":false}