{"cameraMode":{"drawMode":0,"name":"Shaded","section":"Shading Mode"},"sceneLighting":true,"audioPlay":false,"sceneViewState":{"m_AlwaysRefresh":false,"showFog":true,"showSkybox":true,"showFlares":true,"showImageEffects":true,"showParticleSystems":true,"showVisualEffectGraphs":true,"m_FxEnabled":true},"in2DMode":false,"pivot":{"x":-6.121891498565674,"y":5.949668884277344,"z":5.01719856262207},"rotation":{"x":0.04468967393040657,"y":-0.016187641769647599,"z":0.0007352617103606463,"w":0.9988918304443359},"size":12.12435531616211,"orthographic":false}