{"cameraMode":{"drawMode":0,"name":"Shaded","section":"Shading Mode"},"sceneLighting":true,"audioPlay":false,"sceneViewState":{"m_AlwaysRefresh":false,"showFog":true,"showSkybox":true,"showFlares":true,"showImageEffects":true,"showParticleSystems":true,"showVisualEffectGraphs":true,"m_FxEnabled":true},"in2DMode":false,"pivot":{"x":6.162535667419434,"y":2.88360857963562,"z":12.993401527404786},"rotation":{"x":0.06566350162029267,"y":0.0032896469347178938,"z":-0.00020252540707588196,"w":0.9978616833686829},"size":12.12435531616211,"orthographic":false}