{"cameraMode":{"drawMode":0,"name":"Shaded","section":"Shading Mode"},"sceneLighting":true,"audioPlay":false,"sceneViewState":{"m_AlwaysRefresh":false,"showFog":true,"showSkybox":true,"showFlares":true,"showImageEffects":true,"showParticleSystems":true,"showVisualEffectGraphs":true,"m_FxEnabled":true},"in2DMode":false,"pivot":{"x":1.2537142038345338,"y":4.034506797790527,"z":-1.648867130279541},"rotation":{"x":0.23772750794887544,"y":-0.33507078886032107,"z":0.08779087662696839,"w":0.9074894785881043},"size":12.12435531616211,"orthographic":false}