{"cameraMode":{"drawMode":0,"name":"Shaded","section":"Shading Mode"},"sceneLighting":true,"audioPlay":false,"sceneViewState":{"m_AlwaysRefresh":false,"showFog":true,"showSkybox":true,"showFlares":true,"showImageEffects":true,"showParticleSystems":true,"showVisualEffectGraphs":true,"m_FxEnabled":true},"in2DMode":false,"pivot":{"x":3.5370397567749025,"y":-0.4179825782775879,"z":-0.42232513427734377},"rotation":{"x":-0.035800524055957797,"y":-0.9620583653450012,"z":0.22092711925506593,"w":-0.15635812282562257},"size":8.66025447845459,"orthographic":false}