{"cameraMode":{"drawMode":0,"name":"Shaded","section":"Shading Mode"},"sceneLighting":true,"audioPlay":false,"sceneViewState":{"m_AlwaysRefresh":false,"showFog":true,"showSkybox":true,"showFlares":true,"showImageEffects":true,"showParticleSystems":true,"showVisualEffectGraphs":true,"m_FxEnabled":true},"in2DMode":false,"pivot":{"x":11.463854789733887,"y":9.655301094055176,"z":7.7215800285339359},"rotation":{"x":0.13826437294483186,"y":0.30211421847343447,"z":-0.04433271661400795,"w":0.9421751499176025},"size":0.8660253882408142,"orthographic":false}