{"cameraMode":{"drawMode":0,"name":"Shaded","section":"Shading Mode"},"sceneLighting":false,"audioPlay":false,"sceneViewState":{"m_AlwaysRefresh":false,"showFog":true,"showSkybox":false,"showFlares":true,"showImageEffects":true,"showParticleSystems":true,"showVisualEffectGraphs":true,"m_FxEnabled":true},"in2DMode":false,"pivot":{"x":-1.9136277437210084,"y":1.3105387687683106,"z":4.167046546936035},"rotation":{"x":0.033002179116010669,"y":-0.7848108410835266,"z":0.041948236525058749,"w":0.6174532771110535},"size":2.673480272293091,"orthographic":false}