{"cameraMode":{"drawMode":0,"name":"Shaded","section":"Shading Mode"},"sceneLighting":true,"audioPlay":false,"sceneViewState":{"m_AlwaysRefresh":false,"showFog":true,"showSkybox":true,"showFlares":true,"showImageEffects":true,"showParticleSystems":true,"showVisualEffectGraphs":true,"m_FxEnabled":true},"in2DMode":false,"pivot":{"x":7.804100513458252,"y":4.063989639282227,"z":-9.009187698364258},"rotation":{"x":0.0029893757309764625,"y":0.08419622480869293,"z":0.0002525678719393909,"w":-0.9964457750320435},"size":5.828084468841553,"orthographic":false}