{"cameraMode":{"drawMode":0,"name":"Shaded","section":"Shading Mode"},"sceneLighting":true,"audioPlay":false,"sceneViewState":{"m_AlwaysRefresh":false,"showFog":true,"showSkybox":true,"showFlares":true,"showImageEffects":true,"showParticleSystems":true,"showVisualEffectGraphs":true,"m_FxEnabled":true},"in2DMode":false,"pivot":{"x":3.6706953048706056,"y":4.669702529907227,"z":-14.303200721740723},"rotation":{"x":0.04446755722165108,"y":0.1510610580444336,"z":0.006802338175475597,"w":-0.9875007271766663},"size":5.828084468841553,"orthographic":false}