{"cameraMode":{"drawMode":0,"name":"Shaded","section":"Shading Mode"},"sceneLighting":true,"audioPlay":false,"sceneViewState":{"m_AlwaysRefresh":false,"showFog":true,"showSkybox":true,"showFlares":true,"showImageEffects":true,"showParticleSystems":true,"showVisualEffectGraphs":true,"m_FxEnabled":true},"in2DMode":false,"pivot":{"x":-4.932684898376465,"y":4.075296878814697,"z":-3.2441749572753908},"rotation":{"x":0.11348505318164826,"y":0.09138578921556473,"z":-0.010463941842317582,"w":0.9893144369125366},"size":1.0165143013000489,"orthographic":false}