{"cameraMode":{"drawMode":0,"name":"Shaded","section":"Shading Mode"},"sceneLighting":true,"audioPlay":false,"sceneViewState":{"m_AlwaysRefresh":false,"showFog":true,"showSkybox":true,"showFlares":true,"showImageEffects":true,"showParticleSystems":true,"showVisualEffectGraphs":true,"m_FxEnabled":true},"in2DMode":false,"pivot":{"x":-1.7269788980484009,"y":5.341888904571533,"z":-64.5869369506836},"rotation":{"x":0.045564718544483188,"y":-0.03027273900806904,"z":-0.0013878291938453913,"w":-0.998525857925415},"size":3.3173348903656008,"orthographic":false}