{"cameraMode":{"drawMode":0,"name":"Shaded","section":"Shading Mode"},"sceneLighting":true,"audioPlay":false,"sceneViewState":{"m_AlwaysRefresh":false,"showFog":true,"showSkybox":true,"showFlares":true,"showImageEffects":true,"showParticleSystems":true,"showVisualEffectGraphs":true,"m_FxEnabled":true},"in2DMode":false,"pivot":{"x":6.75043249130249,"y":3.9467666149139406,"z":2.356293201446533},"rotation":{"x":0.042119380086660388,"y":-0.47843635082244875,"z":0.022982651367783548,"w":0.8768131732940674},"size":3.317333459854126,"orthographic":false}