{"cameraMode":{"drawMode":0,"name":"Shaded","section":"Shading Mode"},"sceneLighting":true,"audioPlay":false,"sceneViewState":{"m_AlwaysRefresh":false,"showFog":true,"showSkybox":true,"showFlares":true,"showImageEffects":true,"showParticleSystems":true,"showVisualEffectGraphs":true,"m_FxEnabled":true},"in2DMode":false,"pivot":{"x":0.25972914695739748,"y":5.341888904571533,"z":-65.02103424072266},"rotation":{"x":0.04480842128396034,"y":-0.18357138335704804,"z":-0.008383015170693398,"w":-0.9819732904434204},"size":3.3173348903656008,"orthographic":false}