{"cameraMode":{"drawMode":0,"name":"Shaded","section":"Shading Mode"},"sceneLighting":false,"audioPlay":false,"sceneViewState":{"m_AlwaysRefresh":false,"showFog":true,"showSkybox":true,"showFlares":true,"showImageEffects":true,"showParticleSystems":true,"showVisualEffectGraphs":true,"m_FxEnabled":true},"in2DMode":false,"pivot":{"x":2.039250373840332,"y":3.0893821716308595,"z":-50.84769058227539},"rotation":{"x":-0.08736752718687058,"y":0.17155544459819795,"z":-0.015275785699486733,"w":-0.981174647808075},"size":3.4016776084899904,"orthographic":false}