{"cameraMode":{"drawMode":0,"name":"Shaded","section":"Shading Mode"},"sceneLighting":true,"audioPlay":false,"sceneViewState":{"m_AlwaysRefresh":false,"showFog":true,"showSkybox":true,"showFlares":true,"showImageEffects":true,"showParticleSystems":true,"showVisualEffectGraphs":true,"m_FxEnabled":true},"in2DMode":false,"pivot":{"x":-2.3404223918914797,"y":5.809754371643066,"z":-7.041930198669434},"rotation":{"x":0.05007955804467201,"y":0.15309906005859376,"z":-0.0077683632262051109,"w":0.9869157671928406},"size":3.5578253269195558,"orthographic":false}