{"cameraMode":{"drawMode":0,"name":"Shaded","section":"Shading Mode"},"sceneLighting":false,"audioPlay":false,"sceneViewState":{"m_AlwaysRefresh":false,"showFog":true,"showSkybox":false,"showFlares":true,"showImageEffects":true,"showParticleSystems":true,"showVisualEffectGraphs":true,"m_FxEnabled":true},"in2DMode":false,"pivot":{"x":15.971245765686036,"y":4.734969615936279,"z":1.9048802852630616},"rotation":{"x":-0.010412848554551602,"y":0.26121991872787478,"z":0.0028281754348427059,"w":0.9652435779571533},"size":5.008390426635742,"orthographic":false}