{"cameraMode":{"drawMode":0,"name":"Shaded","section":"Shading Mode"},"sceneLighting":true,"audioPlay":false,"sceneViewState":{"m_AlwaysRefresh":false,"showFog":true,"showSkybox":true,"showFlares":true,"showImageEffects":true,"showParticleSystems":true,"showVisualEffectGraphs":true,"m_FxEnabled":true},"in2DMode":false,"pivot":{"x":-0.21840900182724,"y":1.7377490997314454,"z":-1.0353012084960938},"rotation":{"x":-0.5279831886291504,"y":0.0025404503103345634,"z":-0.0015927054919302464,"w":-0.8492814302444458},"size":12.12435531616211,"orthographic":false}