{"cameraMode":{"drawMode":0,"name":"Shaded","section":"Shading Mode"},"sceneLighting":true,"audioPlay":false,"sceneViewState":{"m_AlwaysRefresh":false,"showFog":true,"showSkybox":true,"showFlares":true,"showImageEffects":true,"showParticleSystems":true,"showVisualEffectGraphs":true,"m_FxEnabled":true},"in2DMode":false,"pivot":{"x":-0.05675506591796875,"y":0.49935293197631838,"z":32.887474060058597},"rotation":{"x":-0.040114060044288638,"y":0.3074744641780853,"z":0.013035506941378117,"w":0.9506894946098328},"size":12.12435531616211,"orthographic":false}