{"cameraMode":{"drawMode":0,"name":"Shaded","section":"Shading Mode"},"sceneLighting":true,"audioPlay":false,"sceneViewState":{"m_AlwaysRefresh":false,"showFog":true,"showSkybox":true,"showFlares":true,"showImageEffects":true,"showParticleSystems":true,"showVisualEffectGraphs":true,"m_FxEnabled":true},"in2DMode":false,"pivot":{"x":-0.4930228590965271,"y":1.041016936302185,"z":17.811845779418947},"rotation":{"x":0.11650408804416657,"y":0.027801692485809327,"z":-0.003263693768531084,"w":0.9928380846977234},"size":1.2538059949874879,"orthographic":false}