{"cameraMode":{"drawMode":0,"name":"Shaded","section":"Shading Mode"},"sceneLighting":false,"audioPlay":false,"sceneViewState":{"m_AlwaysRefresh":false,"showFog":true,"showSkybox":false,"showFlares":true,"showImageEffects":true,"showParticleSystems":true,"showVisualEffectGraphs":true,"m_FxEnabled":true},"in2DMode":false,"pivot":{"x":-1.7051610946655274,"y":3.876376152038574,"z":0.10000038146972656},"rotation":{"x":0.07122606784105301,"y":0.2813335359096527,"z":-0.020945267751812936,"w":0.9567263126373291},"size":32.933685302734378,"orthographic":false}